user_id,first_name,last_name,email,phone,city,country,age,created_at
1,User1,Test1,user1@example.com,9000000001,Hyderabad,India,19,2024-01-02
2,User2,Test2,user2@example.com,9000000002,Hyderabad,India,20,2024-01-03
3,User3,Test3,user3@example.com,9000000003,Hyderabad,India,21,2024-01-04
4,User4,Test4,user4@example.com,9000000004,Hyderabad,India,22,2024-01-05
5,User5,Test5,user5@example.com,9000000005,Bangalore,India,23,2024-01-06
6,User6,Test6,user6@example.com,9000000006,Hyderabad,India,24,2024-01-07
7,User7,Test7,user7@example.com,9000000007,Hyderabad,India,25,2024-01-08
8,User8,Test8,user8@example.com,9000000008,Hyderabad,India,26,2024-01-09
9,User9,Test9,user9@example.com,9000000009,Hyderabad,India,27,2024-01-10
10,User10,Test10,user10@example.com,9000000010,Bangalore,India,28,2024-01-11
11,User11,Test11,user11@example.com,9000000011,Hyderabad,India,29,2024-01-12
12,User12,Test12,user12@example.com,9000000012,Hyderabad,India,30,2024-01-13
13,User13,Test13,user13@example.com,9000000013,Hyderabad,India,31,2024-01-14
14,User14,Test14,user14@example.com,9000000014,Hyderabad,India,32,2024-01-15
15,User15,Test15,user15@example.com,9000000015,Bangalore,India,33,2024-01-16
16,User16,Test16,user16@example.com,9000000016,Hyderabad,India,34,2024-01-17
17,User17,Test17,user17@example.com,9000000017,Hyderabad,India,35,2024-01-18
18,User18,Test18,user18@example.com,9000000018,Hyderabad,India,36,2024-01-19
19,User19,Test19,user19@example.com,9000000019,Hyderabad,India,37,2024-01-20
20,User20,Test20,user20@example.com,9000000020,Bangalore,India,38,2024-01-21
21,User21,Test21,user21@example.com,9000000021,Hyderabad,India,39,2024-01-22
22,User22,Test22,user22@example.com,9000000022,Hyderabad,India,40,2024-01-23
23,User23,Test23,user23@example.com,9000000023,Hyderabad,India,41,2024-01-24
24,User24,Test24,user24@example.com,9000000024,Hyderabad,India,42,2024-01-25
25,User25,Test25,user25@example.com,9000000025,Bangalore,India,43,2024-01-26
26,User26,Test26,user26@example.com,9000000026,Hyderabad,India,44,2024-01-27
27,User27,Test27,user27@example.com,9000000027,Hyderabad,India,45,2024-01-28
28,User28,Test28,user28@example.com,9000000028,Hyderabad,India,46,2024-01-01
29,User29,Test29,user29@example.com,9000000029,Hyderabad,India,47,2024-01-02
30,User30,Test30,user30@example.com,9000000030,Bangalore,India,48,2024-01-03
31,User31,Test31,user31@example.com,9000000031,Hyderabad,India,49,2024-01-04
32,User32,Test32,user32@example.com,9000000032,Hyderabad,India,50,2024-01-05
33,User33,Test33,user33@example.com,9000000033,Hyderabad,India,51,2024-01-06
34,User34,Test34,user34@example.com,9000000034,Hyderabad,India,52,2024-01-07
35,User35,Test35,user35@example.com,9000000035,Bangalore,India,53,2024-01-08
36,User36,Test36,user36@example.com,9000000036,Hyderabad,India,54,2024-01-09
37,User37,Test37,user37@example.com,9000000037,Hyderabad,India,55,2024-01-10
38,User38,Test38,user38@example.com,9000000038,Hyderabad,India,56,2024-01-11
39,User39,Test39,user39@example.com,9000000039,Hyderabad,India,57,2024-01-12
40,User40,Test40,user40@example.com,9000000040,Bangalore,India,58,2024-01-13
41,User41,Test41,user41@example.com,9000000041,Hyderabad,India,59,2024-01-14
42,User42,Test42,user42@example.com,9000000042,Hyderabad,India,60,2024-01-15
43,User43,Test43,user43@example.com,9000000043,Hyderabad,India,61,2024-01-16
44,User44,Test44,user44@example.com,9000000044,Hyderabad,India,62,2024-01-17
45,User45,Test45,user45@example.com,9000000045,Bangalore,India,63,2024-01-18
46,User46,Test46,user46@example.com,9000000046,Hyderabad,India,64,2024-01-19
47,User47,Test47,user47@example.com,9000000047,Hyderabad,India,65,2024-01-20
48,User48,Test48,user48@example.com,9000000048,Hyderabad,India,66,2024-01-21
49,User49,Test49,user49@example.com,9000000049,Hyderabad,India,67,2024-01-22
50,User50,Test50,user50@example.com,9000000050,Bangalore,India,18,2024-01-23
51,User51,Test51,user51@example.com,9000000051,Hyderabad,India,19,2024-01-24
52,User52,Test52,user52@example.com,9000000052,Hyderabad,India,20,2024-01-25
53,User53,Test53,user53@example.com,9000000053,Hyderabad,India,21,2024-01-26
54,User54,Test54,user54@example.com,9000000054,Hyderabad,India,22,2024-01-27
55,User55,Test55,user55@example.com,9000000055,Bangalore,India,23,2024-01-28
56,User56,Test56,user56@example.com,9000000056,Hyderabad,India,24,2024-01-01
57,User57,Test57,user57@example.com,9000000057,Hyderabad,India,25,2024-01-02
58,User58,Test58,user58@example.com,9000000058,Hyderabad,India,26,2024-01-03
59,User59,Test59,user59@example.com,9000000059,Hyderabad,India,27,2024-01-04
60,User60,Test60,user60@example.com,9000000060,Bangalore,India,28,2024-01-05
61,User61,Test61,user61@example.com,9000000061,Hyderabad,India,29,2024-01-06
62,User62,Test62,user62@example.com,9000000062,Hyderabad,India,30,2024-01-07
63,User63,Test63,user63@example.com,9000000063,Hyderabad,India,31,2024-01-08
64,User64,Test64,user64@example.com,9000000064,Hyderabad,India,32,2024-01-09
65,User65,Test65,user65@example.com,9000000065,Bangalore,India,33,2024-01-10
66,User66,Test66,user66@example.com,9000000066,Hyderabad,India,34,2024-01-11
67,User67,Test67,user67@example.com,9000000067,Hyderabad,India,35,2024-01-12
68,User68,Test68,user68@example.com,9000000068,Hyderabad,India,36,2024-01-13
69,User69,Test69,user69@example.com,9000000069,Hyderabad,India,37,2024-01-14
70,User70,Test70,user70@example.com,9000000070,Bangalore,India,38,2024-01-15
71,User71,Test71,user71@example.com,9000000071,Hyderabad,India,39,2024-01-16
72,User72,Test72,user72@example.com,9000000072,Hyderabad,India,40,2024-01-17
73,User73,Test73,user73@example.com,9000000073,Hyderabad,India,41,2024-01-18
74,User74,Test74,user74@example.com,9000000074,Hyderabad,India,42,2024-01-19
75,User75,Test75,user75@example.com,9000000075,Bangalore,India,43,2024-01-20
76,User76,Test76,user76@example.com,9000000076,Hyderabad,India,44,2024-01-21
77,User77,Test77,user77@example.com,9000000077,Hyderabad,India,45,2024-01-22
78,User78,Test78,user78@example.com,9000000078,Hyderabad,India,46,2024-01-23
79,User79,Test79,user79@example.com,9000000079,Hyderabad,India,47,2024-01-24
80,User80,Test80,user80@example.com,9000000080,Bangalore,India,48,2024-01-25
81,User81,Test81,user81@example.com,9000000081,Hyderabad,India,49,2024-01-26
82,User82,Test82,user82@example.com,9000000082,Hyderabad,India,50,2024-01-27
83,User83,Test83,user83@example.com,9000000083,Hyderabad,India,51,2024-01-28
84,User84,Test84,user84@example.com,9000000084,Hyderabad,India,52,2024-01-01
85,User85,Test85,user85@example.com,9000000085,Bangalore,India,53,2024-01-02
86,User86,Test86,user86@example.com,9000000086,Hyderabad,India,54,2024-01-03
87,User87,Test87,user87@example.com,9000000087,Hyderabad,India,55,2024-01-04
88,User88,Test88,user88@example.com,9000000088,Hyderabad,India,56,2024-01-05
89,User89,Test89,user89@example.com,9000000089,Hyderabad,India,57,2024-01-06
90,User90,Test90,user90@example.com,9000000090,Bangalore,India,58,2024-01-07
91,User91,Test91,user91@example.com,9000000091,Hyderabad,India,59,2024-01-08
92,User92,Test92,user92@example.com,9000000092,Hyderabad,India,60,2024-01-09
93,User93,Test93,user93@example.com,9000000093,Hyderabad,India,61,2024-01-10
94,User94,Test94,user94@example.com,9000000094,Hyderabad,India,62,2024-01-11
95,User95,Test95,user95@example.com,9000000095,Bangalore,India,63,2024-01-12
96,User96,Test96,user96@example.com,9000000096,Hyderabad,India,64,2024-01-13
97,User97,Test97,user97@example.com,9000000097,Hyderabad,India,65,2024-01-14
98,User98,Test98,user98@example.com,9000000098,Hyderabad,India,66,2024-01-15
99,User99,Test99,user99@example.com,9000000099,Hyderabad,India,67,2024-01-16
100,User100,Test100,user100@example.com,9000000100,Bangalore,India,18,2024-01-17
101,User101,Test101,user101@example.com,9000000101,Hyderabad,India,19,2024-01-18
102,User102,Test102,user102@example.com,9000000102,Hyderabad,India,20,2024-01-19
103,User103,Test103,user103@example.com,9000000103,Hyderabad,India,21,2024-01-20
104,User104,Test104,user104@example.com,9000000104,Hyderabad,India,22,2024-01-21
105,User105,Test105,user105@example.com,9000000105,Bangalore,India,23,2024-01-22
106,User106,Test106,user106@example.com,9000000106,Hyderabad,India,24,2024-01-23
107,User107,Test107,user107@example.com,9000000107,Hyderabad,India,25,2024-01-24
108,User108,Test108,user108@example.com,9000000108,Hyderabad,India,26,2024-01-25
109,User109,Test109,user109@example.com,9000000109,Hyderabad,India,27,2024-01-26
110,User110,Test110,user110@example.com,9000000110,Bangalore,India,28,2024-01-27
111,User111,Test111,user111@example.com,9000000111,Hyderabad,India,29,2024-01-28
112,User112,Test112,user112@example.com,9000000112,Hyderabad,India,30,2024-01-01
113,User113,Test113,user113@example.com,9000000113,Hyderabad,India,31,2024-01-02
114,User114,Test114,user114@example.com,9000000114,Hyderabad,India,32,2024-01-03
115,User115,Test115,user115@example.com,9000000115,Bangalore,India,33,2024-01-04
116,User116,Test116,user116@example.com,9000000116,Hyderabad,India,34,2024-01-05
117,User117,Test117,user117@example.com,9000000117,Hyderabad,India,35,2024-01-06
118,User118,Test118,user118@example.com,9000000118,Hyderabad,India,36,2024-01-07
119,User119,Test119,user119@example.com,9000000119,Hyderabad,India,37,2024-01-08
120,User120,Test120,user120@example.com,9000000120,Bangalore,India,38,2024-01-09
121,User121,Test121,user121@example.com,9000000121,Hyderabad,India,39,2024-01-10
122,User122,Test122,user122@example.com,9000000122,Hyderabad,India,40,2024-01-11
123,User123,Test123,user123@example.com,9000000123,Hyderabad,India,41,2024-01-12
124,User124,Test124,user124@example.com,9000000124,Hyderabad,India,42,2024-01-13
125,User125,Test125,user125@example.com,9000000125,Bangalore,India,43,2024-01-14
126,User126,Test126,user126@example.com,9000000126,Hyderabad,India,44,2024-01-15
127,User127,Test127,user127@example.com,9000000127,Hyderabad,India,45,2024-01-16
128,User128,Test128,user128@example.com,9000000128,Hyderabad,India,46,2024-01-17
129,User129,Test129,user129@example.com,9000000129,Hyderabad,India,47,2024-01-18
130,User130,Test130,user130@example.com,9000000130,Bangalore,India,48,2024-01-19
131,User131,Test131,user131@example.com,9000000131,Hyderabad,India,49,2024-01-20
132,User132,Test132,user132@example.com,9000000132,Hyderabad,India,50,2024-01-21
133,User133,Test133,user133@example.com,9000000133,Hyderabad,India,51,2024-01-22
134,User134,Test134,user134@example.com,9000000134,Hyderabad,India,52,2024-01-23
135,User135,Test135,user135@example.com,9000000135,Bangalore,India,53,2024-01-24
136,User136,Test136,user136@example.com,9000000136,Hyderabad,India,54,2024-01-25
137,User137,Test137,user137@example.com,9000000137,Hyderabad,India,55,2024-01-26
138,User138,Test138,user138@example.com,9000000138,Hyderabad,India,56,2024-01-27
139,User139,Test139,user139@example.com,9000000139,Hyderabad,India,57,2024-01-28
140,User140,Test140,user140@example.com,9000000140,Bangalore,India,58,2024-01-01
141,User141,Test141,user141@example.com,9000000141,Hyderabad,India,59,2024-01-02
142,User142,Test142,user142@example.com,9000000142,Hyderabad,India,60,2024-01-03
143,User143,Test143,user143@example.com,9000000143,Hyderabad,India,61,2024-01-04
144,User144,Test144,user144@example.com,9000000144,Hyderabad,India,62,2024-01-05
145,User145,Test145,user145@example.com,9000000145,Bangalore,India,63,2024-01-06
146,User146,Test146,user146@example.com,9000000146,Hyderabad,India,64,2024-01-07
147,User147,Test147,user147@example.com,9000000147,Hyderabad,India,65,2024-01-08
148,User148,Test148,user148@example.com,9000000148,Hyderabad,India,66,2024-01-09
149,User149,Test149,user149@example.com,9000000149,Hyderabad,India,67,2024-01-10
150,User150,Test150,user150@example.com,9000000150,Bangalore,India,18,2024-01-11
151,User151,Test151,user151@example.com,9000000151,Hyderabad,India,19,2024-01-12
152,User152,Test152,user152@example.com,9000000152,Hyderabad,India,20,2024-01-13
153,User153,Test153,user153@example.com,9000000153,Hyderabad,India,21,2024-01-14
154,User154,Test154,user154@example.com,9000000154,Hyderabad,India,22,2024-01-15
155,User155,Test155,user155@example.com,9000000155,Bangalore,India,23,2024-01-16
156,User156,Test156,user156@example.com,9000000156,Hyderabad,India,24,2024-01-17
157,User157,Test157,user157@example.com,9000000157,Hyderabad,India,25,2024-01-18
158,User158,Test158,user158@example.com,9000000158,Hyderabad,India,26,2024-01-19
159,User159,Test159,user159@example.com,9000000159,Hyderabad,India,27,2024-01-20
160,User160,Test160,user160@example.com,9000000160,Bangalore,India,28,2024-01-21
161,User161,Test161,user161@example.com,9000000161,Hyderabad,India,29,2024-01-22
162,User162,Test162,user162@example.com,9000000162,Hyderabad,India,30,2024-01-23
163,User163,Test163,user163@example.com,9000000163,Hyderabad,India,31,2024-01-24
164,User164,Test164,user164@example.com,9000000164,Hyderabad,India,32,2024-01-25
165,User165,Test165,user165@example.com,9000000165,Bangalore,India,33,2024-01-26
166,User166,Test166,user166@example.com,9000000166,Hyderabad,India,34,2024-01-27
167,User167,Test167,user167@example.com,9000000167,Hyderabad,India,35,2024-01-28
168,User168,Test168,user168@example.com,9000000168,Hyderabad,India,36,2024-01-01
169,User169,Test169,user169@example.com,9000000169,Hyderabad,India,37,2024-01-02
170,User170,Test170,user170@example.com,9000000170,Bangalore,India,38,2024-01-03
171,User171,Test171,user171@example.com,9000000171,Hyderabad,India,39,2024-01-04
172,User172,Test172,user172@example.com,9000000172,Hyderabad,India,40,2024-01-05
173,User173,Test173,user173@example.com,9000000173,Hyderabad,India,41,2024-01-06
174,User174,Test174,user174@example.com,9000000174,Hyderabad,India,42,2024-01-07
175,User175,Test175,user175@example.com,9000000175,Bangalore,India,43,2024-01-08
176,User176,Test176,user176@example.com,9000000176,Hyderabad,India,44,2024-01-09
177,User177,Test177,user177@example.com,9000000177,Hyderabad,India,45,2024-01-10
178,User178,Test178,user178@example.com,9000000178,Hyderabad,India,46,2024-01-11
179,User179,Test179,user179@example.com,9000000179,Hyderabad,India,47,2024-01-12
180,User180,Test180,user180@example.com,9000000180,Bangalore,India,48,2024-01-13
181,User181,Test181,user181@example.com,9000000181,Hyderabad,India,49,2024-01-14
182,User182,Test182,user182@example.com,9000000182,Hyderabad,India,50,2024-01-15
183,User183,Test183,user183@example.com,9000000183,Hyderabad,India,51,2024-01-16
184,User184,Test184,user184@example.com,9000000184,Hyderabad,India,52,2024-01-17
185,User185,Test185,user185@example.com,9000000185,Bangalore,India,53,2024-01-18
186,User186,Test186,user186@example.com,9000000186,Hyderabad,India,54,2024-01-19
187,User187,Test187,user187@example.com,9000000187,Hyderabad,India,55,2024-01-20
188,User188,Test188,user188@example.com,9000000188,Hyderabad,India,56,2024-01-21
189,User189,Test189,user189@example.com,9000000189,Hyderabad,India,57,2024-01-22
190,User190,Test190,user190@example.com,9000000190,Bangalore,India,58,2024-01-23
191,User191,Test191,user191@example.com,9000000191,Hyderabad,India,59,2024-01-24
192,User192,Test192,user192@example.com,9000000192,Hyderabad,India,60,2024-01-25
193,User193,Test193,user193@example.com,9000000193,Hyderabad,India,61,2024-01-26
194,User194,Test194,user194@example.com,9000000194,Hyderabad,India,62,2024-01-27
195,User195,Test195,user195@example.com,9000000195,Bangalore,India,63,2024-01-28
196,User196,Test196,user196@example.com,9000000196,Hyderabad,India,64,2024-01-01
197,User197,Test197,user197@example.com,9000000197,Hyderabad,India,65,2024-01-02
198,User198,Test198,user198@example.com,9000000198,Hyderabad,India,66,2024-01-03
199,User199,Test199,user199@example.com,9000000199,Hyderabad,India,67,2024-01-04
200,User200,Test200,user200@example.com,9000000200,Bangalore,India,18,2024-01-05
201,User201,Test201,user201@example.com,9000000201,Hyderabad,India,19,2024-01-06
202,User202,Test202,user202@example.com,9000000202,Hyderabad,India,20,2024-01-07
203,User203,Test203,user203@example.com,9000000203,Hyderabad,India,21,2024-01-08
204,User204,Test204,user204@example.com,9000000204,Hyderabad,India,22,2024-01-09
205,User205,Test205,user205@example.com,9000000205,Bangalore,India,23,2024-01-10
206,User206,Test206,user206@example.com,9000000206,Hyderabad,India,24,2024-01-11
207,User207,Test207,user207@example.com,9000000207,Hyderabad,India,25,2024-01-12
208,User208,Test208,user208@example.com,9000000208,Hyderabad,India,26,2024-01-13
209,User209,Test209,user209@example.com,9000000209,Hyderabad,India,27,2024-01-14
210,User210,Test210,user210@example.com,9000000210,Bangalore,India,28,2024-01-15
211,User211,Test211,user211@example.com,9000000211,Hyderabad,India,29,2024-01-16
212,User212,Test212,user212@example.com,9000000212,Hyderabad,India,30,2024-01-17
213,User213,Test213,user213@example.com,9000000213,Hyderabad,India,31,2024-01-18
214,User214,Test214,user214@example.com,9000000214,Hyderabad,India,32,2024-01-19
215,User215,Test215,user215@example.com,9000000215,Bangalore,India,33,2024-01-20
216,User216,Test216,user216@example.com,9000000216,Hyderabad,India,34,2024-01-21
217,User217,Test217,user217@example.com,9000000217,Hyderabad,India,35,2024-01-22
218,User218,Test218,user218@example.com,9000000218,Hyderabad,India,36,2024-01-23
219,User219,Test219,user219@example.com,9000000219,Hyderabad,India,37,2024-01-24
220,User220,Test220,user220@example.com,9000000220,Bangalore,India,38,2024-01-25
221,User221,Test221,user221@example.com,9000000221,Hyderabad,India,39,2024-01-26
222,User222,Test222,user222@example.com,9000000222,Hyderabad,India,40,2024-01-27
223,User223,Test223,user223@example.com,9000000223,Hyderabad,India,41,2024-01-28
224,User224,Test224,user224@example.com,9000000224,Hyderabad,India,42,2024-01-01
225,User225,Test225,user225@example.com,9000000225,Bangalore,India,43,2024-01-02
226,User226,Test226,user226@example.com,9000000226,Hyderabad,India,44,2024-01-03
227,User227,Test227,user227@example.com,9000000227,Hyderabad,India,45,2024-01-04
228,User228,Test228,user228@example.com,9000000228,Hyderabad,India,46,2024-01-05
229,User229,Test229,user229@example.com,9000000229,Hyderabad,India,47,2024-01-06
230,User230,Test230,user230@example.com,9000000230,Bangalore,India,48,2024-01-07
231,User231,Test231,user231@example.com,9000000231,Hyderabad,India,49,2024-01-08
232,User232,Test232,user232@example.com,9000000232,Hyderabad,India,50,2024-01-09
233,User233,Test233,user233@example.com,9000000233,Hyderabad,India,51,2024-01-10
234,User234,Test234,user234@example.com,9000000234,Hyderabad,India,52,2024-01-11
235,User235,Test235,user235@example.com,9000000235,Bangalore,India,53,2024-01-12
236,User236,Test236,user236@example.com,9000000236,Hyderabad,India,54,2024-01-13
237,User237,Test237,user237@example.com,9000000237,Hyderabad,India,55,2024-01-14
238,User238,Test238,user238@example.com,9000000238,Hyderabad,India,56,2024-01-15
239,User239,Test239,user239@example.com,9000000239,Hyderabad,India,57,2024-01-16
240,User240,Test240,user240@example.com,9000000240,Bangalore,India,58,2024-01-17
241,User241,Test241,user241@example.com,9000000241,Hyderabad,India,59,2024-01-18
242,User242,Test242,user242@example.com,9000000242,Hyderabad,India,60,2024-01-19
243,User243,Test243,user243@example.com,9000000243,Hyderabad,India,61,2024-01-20
244,User244,Test244,user244@example.com,9000000244,Hyderabad,India,62,2024-01-21
245,User245,Test245,user245@example.com,9000000245,Bangalore,India,63,2024-01-22
246,User246,Test246,user246@example.com,9000000246,Hyderabad,India,64,2024-01-23
247,User247,Test247,user247@example.com,9000000247,Hyderabad,India,65,2024-01-24
248,User248,Test248,user248@example.com,9000000248,Hyderabad,India,66,2024-01-25
249,User249,Test249,user249@example.com,9000000249,Hyderabad,India,67,2024-01-26
250,User250,Test250,user250@example.com,9000000250,Bangalore,India,18,2024-01-27
251,User251,Test251,user251@example.com,9000000251,Hyderabad,India,19,2024-01-28
252,User252,Test252,user252@example.com,9000000252,Hyderabad,India,20,2024-01-01
253,User253,Test253,user253@example.com,9000000253,Hyderabad,India,21,2024-01-02
254,User254,Test254,user254@example.com,9000000254,Hyderabad,India,22,2024-01-03
255,User255,Test255,user255@example.com,9000000255,Bangalore,India,23,2024-01-04
256,User256,Test256,user256@example.com,9000000256,Hyderabad,India,24,2024-01-05
257,User257,Test257,user257@example.com,9000000257,Hyderabad,India,25,2024-01-06
258,User258,Test258,user258@example.com,9000000258,Hyderabad,India,26,2024-01-07
259,User259,Test259,user259@example.com,9000000259,Hyderabad,India,27,2024-01-08
260,User260,Test260,user260@example.com,9000000260,Bangalore,India,28,2024-01-09
261,User261,Test261,user261@example.com,9000000261,Hyderabad,India,29,2024-01-10
262,User262,Test262,user262@example.com,9000000262,Hyderabad,India,30,2024-01-11
263,User263,Test263,user263@example.com,9000000263,Hyderabad,India,31,2024-01-12
264,User264,Test264,user264@example.com,9000000264,Hyderabad,India,32,2024-01-13
265,User265,Test265,user265@example.com,9000000265,Bangalore,India,33,2024-01-14
266,User266,Test266,user266@example.com,9000000266,Hyderabad,India,34,2024-01-15
267,User267,Test267,user267@example.com,9000000267,Hyderabad,India,35,2024-01-16
268,User268,Test268,user268@example.com,9000000268,Hyderabad,India,36,2024-01-17
269,User269,Test269,user269@example.com,9000000269,Hyderabad,India,37,2024-01-18
270,User270,Test270,user270@example.com,9000000270,Bangalore,India,38,2024-01-19
271,User271,Test271,user271@example.com,9000000271,Hyderabad,India,39,2024-01-20
272,User272,Test272,user272@example.com,9000000272,Hyderabad,India,40,2024-01-21
273,User273,Test273,user273@example.com,9000000273,Hyderabad,India,41,2024-01-22
274,User274,Test274,user274@example.com,9000000274,Hyderabad,India,42,2024-01-23
275,User275,Test275,user275@example.com,9000000275,Bangalore,India,43,2024-01-24
276,User276,Test276,user276@example.com,9000000276,Hyderabad,India,44,2024-01-25
277,User277,Test277,user277@example.com,9000000277,Hyderabad,India,45,2024-01-26
278,User278,Test278,user278@example.com,9000000278,Hyderabad,India,46,2024-01-27
279,User279,Test279,user279@example.com,9000000279,Hyderabad,India,47,2024-01-28
280,User280,Test280,user280@example.com,9000000280,Bangalore,India,48,2024-01-01
281,User281,Test281,user281@example.com,9000000281,Hyderabad,India,49,2024-01-02
282,User282,Test282,user282@example.com,9000000282,Hyderabad,India,50,2024-01-03
283,User283,Test283,user283@example.com,9000000283,Hyderabad,India,51,2024-01-04
284,User284,Test284,user284@example.com,9000000284,Hyderabad,India,52,2024-01-05
285,User285,Test285,user285@example.com,9000000285,Bangalore,India,53,2024-01-06
286,User286,Test286,user286@example.com,9000000286,Hyderabad,India,54,2024-01-07
287,User287,Test287,user287@example.com,9000000287,Hyderabad,India,55,2024-01-08
288,User288,Test288,user288@example.com,9000000288,Hyderabad,India,56,2024-01-09
289,User289,Test289,user289@example.com,9000000289,Hyderabad,India,57,2024-01-10
290,User290,Test290,user290@example.com,9000000290,Bangalore,India,58,2024-01-11
291,User291,Test291,user291@example.com,9000000291,Hyderabad,India,59,2024-01-12
292,User292,Test292,user292@example.com,9000000292,Hyderabad,India,60,2024-01-13
293,User293,Test293,user293@example.com,9000000293,Hyderabad,India,61,2024-01-14
294,User294,Test294,user294@example.com,9000000294,Hyderabad,India,62,2024-01-15
295,User295,Test295,user295@example.com,9000000295,Bangalore,India,63,2024-01-16
296,User296,Test296,user296@example.com,9000000296,Hyderabad,India,64,2024-01-17
297,User297,Test297,user297@example.com,9000000297,Hyderabad,India,65,2024-01-18
298,User298,Test298,user298@example.com,9000000298,Hyderabad,India,66,2024-01-19
299,User299,Test299,user299@example.com,9000000299,Hyderabad,India,67,2024-01-20
300,User300,Test300,user300@example.com,9000000300,Bangalore,India,18,2024-01-21
301,User301,Test301,user301@example.com,9000000301,Hyderabad,India,19,2024-01-22
302,User302,Test302,user302@example.com,9000000302,Hyderabad,India,20,2024-01-23
303,User303,Test303,user303@example.com,9000000303,Hyderabad,India,21,2024-01-24
304,User304,Test304,user304@example.com,9000000304,Hyderabad,India,22,2024-01-25
305,User305,Test305,user305@example.com,9000000305,Bangalore,India,23,2024-01-26
306,User306,Test306,user306@example.com,9000000306,Hyderabad,India,24,2024-01-27
307,User307,Test307,user307@example.com,9000000307,Hyderabad,India,25,2024-01-28
308,User308,Test308,user308@example.com,9000000308,Hyderabad,India,26,2024-01-01
309,User309,Test309,user309@example.com,9000000309,Hyderabad,India,27,2024-01-02
310,User310,Test310,user310@example.com,9000000310,Bangalore,India,28,2024-01-03
311,User311,Test311,user311@example.com,9000000311,Hyderabad,India,29,2024-01-04
312,User312,Test312,user312@example.com,9000000312,Hyderabad,India,30,2024-01-05
313,User313,Test313,user313@example.com,9000000313,Hyderabad,India,31,2024-01-06
314,User314,Test314,user314@example.com,9000000314,Hyderabad,India,32,2024-01-07
315,User315,Test315,user315@example.com,9000000315,Bangalore,India,33,2024-01-08
316,User316,Test316,user316@example.com,9000000316,Hyderabad,India,34,2024-01-09
317,User317,Test317,user317@example.com,9000000317,Hyderabad,India,35,2024-01-10
318,User318,Test318,user318@example.com,9000000318,Hyderabad,India,36,2024-01-11
319,User319,Test319,user319@example.com,9000000319,Hyderabad,India,37,2024-01-12
320,User320,Test320,user320@example.com,9000000320,Bangalore,India,38,2024-01-13
321,User321,Test321,user321@example.com,9000000321,Hyderabad,India,39,2024-01-14
322,User322,Test322,user322@example.com,9000000322,Hyderabad,India,40,2024-01-15
323,User323,Test323,user323@example.com,9000000323,Hyderabad,India,41,2024-01-16
324,User324,Test324,user324@example.com,9000000324,Hyderabad,India,42,2024-01-17
325,User325,Test325,user325@example.com,9000000325,Bangalore,India,43,2024-01-18
326,User326,Test326,user326@example.com,9000000326,Hyderabad,India,44,2024-01-19
327,User327,Test327,user327@example.com,9000000327,Hyderabad,India,45,2024-01-20
328,User328,Test328,user328@example.com,9000000328,Hyderabad,India,46,2024-01-21
329,User329,Test329,user329@example.com,9000000329,Hyderabad,India,47,2024-01-22
330,User330,Test330,user330@example.com,9000000330,Bangalore,India,48,2024-01-23
331,User331,Test331,user331@example.com,9000000331,Hyderabad,India,49,2024-01-24
332,User332,Test332,user332@example.com,9000000332,Hyderabad,India,50,2024-01-25
333,User333,Test333,user333@example.com,9000000333,Hyderabad,India,51,2024-01-26
334,User334,Test334,user334@example.com,9000000334,Hyderabad,India,52,2024-01-27
335,User335,Test335,user335@example.com,9000000335,Bangalore,India,53,2024-01-28
336,User336,Test336,user336@example.com,9000000336,Hyderabad,India,54,2024-01-01
337,User337,Test337,user337@example.com,9000000337,Hyderabad,India,55,2024-01-02
338,User338,Test338,user338@example.com,9000000338,Hyderabad,India,56,2024-01-03
339,User339,Test339,user339@example.com,9000000339,Hyderabad,India,57,2024-01-04
340,User340,Test340,user340@example.com,9000000340,Bangalore,India,58,2024-01-05
341,User341,Test341,user341@example.com,9000000341,Hyderabad,India,59,2024-01-06
342,User342,Test342,user342@example.com,9000000342,Hyderabad,India,60,2024-01-07
343,User343,Test343,user343@example.com,9000000343,Hyderabad,India,61,2024-01-08
344,User344,Test344,user344@example.com,9000000344,Hyderabad,India,62,2024-01-09
345,User345,Test345,user345@example.com,9000000345,Bangalore,India,63,2024-01-10
346,User346,Test346,user346@example.com,9000000346,Hyderabad,India,64,2024-01-11
347,User347,Test347,user347@example.com,9000000347,Hyderabad,India,65,2024-01-12
348,User348,Test348,user348@example.com,9000000348,Hyderabad,India,66,2024-01-13
349,User349,Test349,user349@example.com,9000000349,Hyderabad,India,67,2024-01-14
350,User350,Test350,user350@example.com,9000000350,Bangalore,India,18,2024-01-15
351,User351,Test351,user351@example.com,9000000351,Hyderabad,India,19,2024-01-16
352,User352,Test352,user352@example.com,9000000352,Hyderabad,India,20,2024-01-17
353,User353,Test353,user353@example.com,9000000353,Hyderabad,India,21,2024-01-18
354,User354,Test354,user354@example.com,9000000354,Hyderabad,India,22,2024-01-19
355,User355,Test355,user355@example.com,9000000355,Bangalore,India,23,2024-01-20
356,User356,Test356,user356@example.com,9000000356,Hyderabad,India,24,2024-01-21
357,User357,Test357,user357@example.com,9000000357,Hyderabad,India,25,2024-01-22
358,User358,Test358,user358@example.com,9000000358,Hyderabad,India,26,2024-01-23
359,User359,Test359,user359@example.com,9000000359,Hyderabad,India,27,2024-01-24
360,User360,Test360,user360@example.com,9000000360,Bangalore,India,28,2024-01-25
361,User361,Test361,user361@example.com,9000000361,Hyderabad,India,29,2024-01-26
362,User362,Test362,user362@example.com,9000000362,Hyderabad,India,30,2024-01-27
363,User363,Test363,user363@example.com,9000000363,Hyderabad,India,31,2024-01-28
364,User364,Test364,user364@example.com,9000000364,Hyderabad,India,32,2024-01-01
365,User365,Test365,user365@example.com,9000000365,Bangalore,India,33,2024-01-02
366,User366,Test366,user366@example.com,9000000366,Hyderabad,India,34,2024-01-03
367,User367,Test367,user367@example.com,9000000367,Hyderabad,India,35,2024-01-04
368,User368,Test368,user368@example.com,9000000368,Hyderabad,India,36,2024-01-05
369,User369,Test369,user369@example.com,9000000369,Hyderabad,India,37,2024-01-06
370,User370,Test370,user370@example.com,9000000370,Bangalore,India,38,2024-01-07
371,User371,Test371,user371@example.com,9000000371,Hyderabad,India,39,2024-01-08
372,User372,Test372,user372@example.com,9000000372,Hyderabad,India,40,2024-01-09
373,User373,Test373,user373@example.com,9000000373,Hyderabad,India,41,2024-01-10
374,User374,Test374,user374@example.com,9000000374,Hyderabad,India,42,2024-01-11
375,User375,Test375,user375@example.com,9000000375,Bangalore,India,43,2024-01-12
376,User376,Test376,user376@example.com,9000000376,Hyderabad,India,44,2024-01-13
377,User377,Test377,user377@example.com,9000000377,Hyderabad,India,45,2024-01-14
378,User378,Test378,user378@example.com,9000000378,Hyderabad,India,46,2024-01-15
379,User379,Test379,user379@example.com,9000000379,Hyderabad,India,47,2024-01-16
380,User380,Test380,user380@example.com,9000000380,Bangalore,India,48,2024-01-17
381,User381,Test381,user381@example.com,9000000381,Hyderabad,India,49,2024-01-18
382,User382,Test382,user382@example.com,9000000382,Hyderabad,India,50,2024-01-19
383,User383,Test383,user383@example.com,9000000383,Hyderabad,India,51,2024-01-20
384,User384,Test384,user384@example.com,9000000384,Hyderabad,India,52,2024-01-21
385,User385,Test385,user385@example.com,9000000385,Bangalore,India,53,2024-01-22
386,User386,Test386,user386@example.com,9000000386,Hyderabad,India,54,2024-01-23
387,User387,Test387,user387@example.com,9000000387,Hyderabad,India,55,2024-01-24
388,User388,Test388,user388@example.com,9000000388,Hyderabad,India,56,2024-01-25
389,User389,Test389,user389@example.com,9000000389,Hyderabad,India,57,2024-01-26
390,User390,Test390,user390@example.com,9000000390,Bangalore,India,58,2024-01-27
391,User391,Test391,user391@example.com,9000000391,Hyderabad,India,59,2024-01-28
392,User392,Test392,user392@example.com,9000000392,Hyderabad,India,60,2024-01-01
393,User393,Test393,user393@example.com,9000000393,Hyderabad,India,61,2024-01-02
394,User394,Test394,user394@example.com,9000000394,Hyderabad,India,62,2024-01-03
395,User395,Test395,user395@example.com,9000000395,Bangalore,India,63,2024-01-04
396,User396,Test396,user396@example.com,9000000396,Hyderabad,India,64,2024-01-05
397,User397,Test397,user397@example.com,9000000397,Hyderabad,India,65,2024-01-06
398,User398,Test398,user398@example.com,9000000398,Hyderabad,India,66,2024-01-07
399,User399,Test399,user399@example.com,9000000399,Hyderabad,India,67,2024-01-08
400,User400,Test400,user400@example.com,9000000400,Bangalore,India,18,2024-01-09
401,User401,Test401,user401@example.com,9000000401,Hyderabad,India,19,2024-01-10
402,User402,Test402,user402@example.com,9000000402,Hyderabad,India,20,2024-01-11
403,User403,Test403,user403@example.com,9000000403,Hyderabad,India,21,2024-01-12
404,User404,Test404,user404@example.com,9000000404,Hyderabad,India,22,2024-01-13
405,User405,Test405,user405@example.com,9000000405,Bangalore,India,23,2024-01-14
406,User406,Test406,user406@example.com,9000000406,Hyderabad,India,24,2024-01-15
407,User407,Test407,user407@example.com,9000000407,Hyderabad,India,25,2024-01-16
408,User408,Test408,user408@example.com,9000000408,Hyderabad,India,26,2024-01-17
409,User409,Test409,user409@example.com,9000000409,Hyderabad,India,27,2024-01-18
410,User410,Test410,user410@example.com,9000000410,Bangalore,India,28,2024-01-19
411,User411,Test411,user411@example.com,9000000411,Hyderabad,India,29,2024-01-20
412,User412,Test412,user412@example.com,9000000412,Hyderabad,India,30,2024-01-21
413,User413,Test413,user413@example.com,9000000413,Hyderabad,India,31,2024-01-22
414,User414,Test414,user414@example.com,9000000414,Hyderabad,India,32,2024-01-23
415,User415,Test415,user415@example.com,9000000415,Bangalore,India,33,2024-01-24
416,User416,Test416,user416@example.com,9000000416,Hyderabad,India,34,2024-01-25
417,User417,Test417,user417@example.com,9000000417,Hyderabad,India,35,2024-01-26
418,User418,Test418,user418@example.com,9000000418,Hyderabad,India,36,2024-01-27
419,User419,Test419,user419@example.com,9000000419,Hyderabad,India,37,2024-01-28
420,User420,Test420,user420@example.com,9000000420,Bangalore,India,38,2024-01-01
421,User421,Test421,user421@example.com,9000000421,Hyderabad,India,39,2024-01-02
422,User422,Test422,user422@example.com,9000000422,Hyderabad,India,40,2024-01-03
423,User423,Test423,user423@example.com,9000000423,Hyderabad,India,41,2024-01-04
424,User424,Test424,user424@example.com,9000000424,Hyderabad,India,42,2024-01-05
425,User425,Test425,user425@example.com,9000000425,Bangalore,India,43,2024-01-06
426,User426,Test426,user426@example.com,9000000426,Hyderabad,India,44,2024-01-07
427,User427,Test427,user427@example.com,9000000427,Hyderabad,India,45,2024-01-08
428,User428,Test428,user428@example.com,9000000428,Hyderabad,India,46,2024-01-09
429,User429,Test429,user429@example.com,9000000429,Hyderabad,India,47,2024-01-10
430,User430,Test430,user430@example.com,9000000430,Bangalore,India,48,2024-01-11
431,User431,Test431,user431@example.com,9000000431,Hyderabad,India,49,2024-01-12
432,User432,Test432,user432@example.com,9000000432,Hyderabad,India,50,2024-01-13
433,User433,Test433,user433@example.com,9000000433,Hyderabad,India,51,2024-01-14
434,User434,Test434,user434@example.com,9000000434,Hyderabad,India,52,2024-01-15
435,User435,Test435,user435@example.com,9000000435,Bangalore,India,53,2024-01-16
436,User436,Test436,user436@example.com,9000000436,Hyderabad,India,54,2024-01-17
437,User437,Test437,user437@example.com,9000000437,Hyderabad,India,55,2024-01-18
438,User438,Test438,user438@example.com,9000000438,Hyderabad,India,56,2024-01-19
439,User439,Test439,user439@example.com,9000000439,Hyderabad,India,57,2024-01-20
440,User440,Test440,user440@example.com,9000000440,Bangalore,India,58,2024-01-21
441,User441,Test441,user441@example.com,9000000441,Hyderabad,India,59,2024-01-22
442,User442,Test442,user442@example.com,9000000442,Hyderabad,India,60,2024-01-23
443,User443,Test443,user443@example.com,9000000443,Hyderabad,India,61,2024-01-24
444,User444,Test444,user444@example.com,9000000444,Hyderabad,India,62,2024-01-25
445,User445,Test445,user445@example.com,9000000445,Bangalore,India,63,2024-01-26
446,User446,Test446,user446@example.com,9000000446,Hyderabad,India,64,2024-01-27
447,User447,Test447,user447@example.com,9000000447,Hyderabad,India,65,2024-01-28
448,User448,Test448,user448@example.com,9000000448,Hyderabad,India,66,2024-01-01
449,User449,Test449,user449@example.com,9000000449,Hyderabad,India,67,2024-01-02
450,User450,Test450,user450@example.com,9000000450,Bangalore,India,18,2024-01-03
451,User451,Test451,user451@example.com,9000000451,Hyderabad,India,19,2024-01-04
452,User452,Test452,user452@example.com,9000000452,Hyderabad,India,20,2024-01-05
453,User453,Test453,user453@example.com,9000000453,Hyderabad,India,21,2024-01-06
454,User454,Test454,user454@example.com,9000000454,Hyderabad,India,22,2024-01-07
455,User455,Test455,user455@example.com,9000000455,Bangalore,India,23,2024-01-08
456,User456,Test456,user456@example.com,9000000456,Hyderabad,India,24,2024-01-09
457,User457,Test457,user457@example.com,9000000457,Hyderabad,India,25,2024-01-10
458,User458,Test458,user458@example.com,9000000458,Hyderabad,India,26,2024-01-11
459,User459,Test459,user459@example.com,9000000459,Hyderabad,India,27,2024-01-12
460,User460,Test460,user460@example.com,9000000460,Bangalore,India,28,2024-01-13
461,User461,Test461,user461@example.com,9000000461,Hyderabad,India,29,2024-01-14
462,User462,Test462,user462@example.com,9000000462,Hyderabad,India,30,2024-01-15
463,User463,Test463,user463@example.com,9000000463,Hyderabad,India,31,2024-01-16
464,User464,Test464,user464@example.com,9000000464,Hyderabad,India,32,2024-01-17
465,User465,Test465,user465@example.com,9000000465,Bangalore,India,33,2024-01-18
466,User466,Test466,user466@example.com,9000000466,Hyderabad,India,34,2024-01-19
467,User467,Test467,user467@example.com,9000000467,Hyderabad,India,35,2024-01-20
468,User468,Test468,user468@example.com,9000000468,Hyderabad,India,36,2024-01-21
469,User469,Test469,user469@example.com,9000000469,Hyderabad,India,37,2024-01-22
470,User470,Test470,user470@example.com,9000000470,Bangalore,India,38,2024-01-23
471,User471,Test471,user471@example.com,9000000471,Hyderabad,India,39,2024-01-24
472,User472,Test472,user472@example.com,9000000472,Hyderabad,India,40,2024-01-25
473,User473,Test473,user473@example.com,9000000473,Hyderabad,India,41,2024-01-26
474,User474,Test474,user474@example.com,9000000474,Hyderabad,India,42,2024-01-27
475,User475,Test475,user475@example.com,9000000475,Bangalore,India,43,2024-01-28
476,User476,Test476,user476@example.com,9000000476,Hyderabad,India,44,2024-01-01
477,User477,Test477,user477@example.com,9000000477,Hyderabad,India,45,2024-01-02
478,User478,Test478,user478@example.com,9000000478,Hyderabad,India,46,2024-01-03
479,User479,Test479,user479@example.com,9000000479,Hyderabad,India,47,2024-01-04
480,User480,Test480,user480@example.com,9000000480,Bangalore,India,48,2024-01-05
481,User481,Test481,user481@example.com,9000000481,Hyderabad,India,49,2024-01-06
482,User482,Test482,user482@example.com,9000000482,Hyderabad,India,50,2024-01-07
483,User483,Test483,user483@example.com,9000000483,Hyderabad,India,51,2024-01-08
484,User484,Test484,user484@example.com,9000000484,Hyderabad,India,52,2024-01-09
485,User485,Test485,user485@example.com,9000000485,Bangalore,India,53,2024-01-10
486,User486,Test486,user486@example.com,9000000486,Hyderabad,India,54,2024-01-11
487,User487,Test487,user487@example.com,9000000487,Hyderabad,India,55,2024-01-12
488,User488,Test488,user488@example.com,9000000488,Hyderabad,India,56,2024-01-13
489,User489,Test489,user489@example.com,9000000489,Hyderabad,India,57,2024-01-14
490,User490,Test490,user490@example.com,9000000490,Bangalore,India,58,2024-01-15
491,User491,Test491,user491@example.com,9000000491,Hyderabad,India,59,2024-01-16
492,User492,Test492,user492@example.com,9000000492,Hyderabad,India,60,2024-01-17
493,User493,Test493,user493@example.com,9000000493,Hyderabad,India,61,2024-01-18
494,User494,Test494,user494@example.com,9000000494,Hyderabad,India,62,2024-01-19
495,User495,Test495,user495@example.com,9000000495,Bangalore,India,63,2024-01-20
496,User496,Test496,user496@example.com,9000000496,Hyderabad,India,64,2024-01-21
497,User497,Test497,user497@example.com,9000000497,Hyderabad,India,65,2024-01-22
498,User498,Test498,user498@example.com,9000000498,Hyderabad,India,66,2024-01-23
499,User499,Test499,user499@example.com,9000000499,Hyderabad,India,67,2024-01-24
500,User500,Test500,user500@example.com,9000000500,Bangalore,India,18,2024-01-25
501,User501,Test501,user501@example.com,9000000501,Hyderabad,India,19,2024-01-26
502,User502,Test502,user502@example.com,9000000502,Hyderabad,India,20,2024-01-27
503,User503,Test503,user503@example.com,9000000503,Hyderabad,India,21,2024-01-28
504,User504,Test504,user504@example.com,9000000504,Hyderabad,India,22,2024-01-01
505,User505,Test505,user505@example.com,9000000505,Bangalore,India,23,2024-01-02
506,User506,Test506,user506@example.com,9000000506,Hyderabad,India,24,2024-01-03
507,User507,Test507,user507@example.com,9000000507,Hyderabad,India,25,2024-01-04
508,User508,Test508,user508@example.com,9000000508,Hyderabad,India,26,2024-01-05
509,User509,Test509,user509@example.com,9000000509,Hyderabad,India,27,2024-01-06
510,User510,Test510,user510@example.com,9000000510,Bangalore,India,28,2024-01-07
511,User511,Test511,user511@example.com,9000000511,Hyderabad,India,29,2024-01-08
512,User512,Test512,user512@example.com,9000000512,Hyderabad,India,30,2024-01-09
513,User513,Test513,user513@example.com,9000000513,Hyderabad,India,31,2024-01-10
514,User514,Test514,user514@example.com,9000000514,Hyderabad,India,32,2024-01-11
515,User515,Test515,user515@example.com,9000000515,Bangalore,India,33,2024-01-12
516,User516,Test516,user516@example.com,9000000516,Hyderabad,India,34,2024-01-13
517,User517,Test517,user517@example.com,9000000517,Hyderabad,India,35,2024-01-14
518,User518,Test518,user518@example.com,9000000518,Hyderabad,India,36,2024-01-15
519,User519,Test519,user519@example.com,9000000519,Hyderabad,India,37,2024-01-16
520,User520,Test520,user520@example.com,9000000520,Bangalore,India,38,2024-01-17
521,User521,Test521,user521@example.com,9000000521,Hyderabad,India,39,2024-01-18
522,User522,Test522,user522@example.com,9000000522,Hyderabad,India,40,2024-01-19
523,User523,Test523,user523@example.com,9000000523,Hyderabad,India,41,2024-01-20
524,User524,Test524,user524@example.com,9000000524,Hyderabad,India,42,2024-01-21
525,User525,Test525,user525@example.com,9000000525,Bangalore,India,43,2024-01-22
526,User526,Test526,user526@example.com,9000000526,Hyderabad,India,44,2024-01-23
527,User527,Test527,user527@example.com,9000000527,Hyderabad,India,45,2024-01-24
528,User528,Test528,user528@example.com,9000000528,Hyderabad,India,46,2024-01-25
529,User529,Test529,user529@example.com,9000000529,Hyderabad,India,47,2024-01-26
530,User530,Test530,user530@example.com,9000000530,Bangalore,India,48,2024-01-27
531,User531,Test531,user531@example.com,9000000531,Hyderabad,India,49,2024-01-28
532,User532,Test532,user532@example.com,9000000532,Hyderabad,India,50,2024-01-01
533,User533,Test533,user533@example.com,9000000533,Hyderabad,India,51,2024-01-02
534,User534,Test534,user534@example.com,9000000534,Hyderabad,India,52,2024-01-03
535,User535,Test535,user535@example.com,9000000535,Bangalore,India,53,2024-01-04
536,User536,Test536,user536@example.com,9000000536,Hyderabad,India,54,2024-01-05
537,User537,Test537,user537@example.com,9000000537,Hyderabad,India,55,2024-01-06
538,User538,Test538,user538@example.com,9000000538,Hyderabad,India,56,2024-01-07
539,User539,Test539,user539@example.com,9000000539,Hyderabad,India,57,2024-01-08
540,User540,Test540,user540@example.com,9000000540,Bangalore,India,58,2024-01-09
541,User541,Test541,user541@example.com,9000000541,Hyderabad,India,59,2024-01-10
542,User542,Test542,user542@example.com,9000000542,Hyderabad,India,60,2024-01-11
543,User543,Test543,user543@example.com,9000000543,Hyderabad,India,61,2024-01-12
544,User544,Test544,user544@example.com,9000000544,Hyderabad,India,62,2024-01-13
545,User545,Test545,user545@example.com,9000000545,Bangalore,India,63,2024-01-14
546,User546,Test546,user546@example.com,9000000546,Hyderabad,India,64,2024-01-15
547,User547,Test547,user547@example.com,9000000547,Hyderabad,India,65,2024-01-16
548,User548,Test548,user548@example.com,9000000548,Hyderabad,India,66,2024-01-17
549,User549,Test549,user549@example.com,9000000549,Hyderabad,India,67,2024-01-18
550,User550,Test550,user550@example.com,9000000550,Bangalore,India,18,2024-01-19
551,User551,Test551,user551@example.com,9000000551,Hyderabad,India,19,2024-01-20
552,User552,Test552,user552@example.com,9000000552,Hyderabad,India,20,2024-01-21
553,User553,Test553,user553@example.com,9000000553,Hyderabad,India,21,2024-01-22
554,User554,Test554,user554@example.com,9000000554,Hyderabad,India,22,2024-01-23
555,User555,Test555,user555@example.com,9000000555,Bangalore,India,23,2024-01-24
556,User556,Test556,user556@example.com,9000000556,Hyderabad,India,24,2024-01-25
557,User557,Test557,user557@example.com,9000000557,Hyderabad,India,25,2024-01-26
558,User558,Test558,user558@example.com,9000000558,Hyderabad,India,26,2024-01-27
559,User559,Test559,user559@example.com,9000000559,Hyderabad,India,27,2024-01-28
560,User560,Test560,user560@example.com,9000000560,Bangalore,India,28,2024-01-01
561,User561,Test561,user561@example.com,9000000561,Hyderabad,India,29,2024-01-02
562,User562,Test562,user562@example.com,9000000562,Hyderabad,India,30,2024-01-03
563,User563,Test563,user563@example.com,9000000563,Hyderabad,India,31,2024-01-04
564,User564,Test564,user564@example.com,9000000564,Hyderabad,India,32,2024-01-05
565,User565,Test565,user565@example.com,9000000565,Bangalore,India,33,2024-01-06
566,User566,Test566,user566@example.com,9000000566,Hyderabad,India,34,2024-01-07
567,User567,Test567,user567@example.com,9000000567,Hyderabad,India,35,2024-01-08
568,User568,Test568,user568@example.com,9000000568,Hyderabad,India,36,2024-01-09
569,User569,Test569,user569@example.com,9000000569,Hyderabad,India,37,2024-01-10
570,User570,Test570,user570@example.com,9000000570,Bangalore,India,38,2024-01-11
571,User571,Test571,user571@example.com,9000000571,Hyderabad,India,39,2024-01-12
572,User572,Test572,user572@example.com,9000000572,Hyderabad,India,40,2024-01-13
573,User573,Test573,user573@example.com,9000000573,Hyderabad,India,41,2024-01-14
574,User574,Test574,user574@example.com,9000000574,Hyderabad,India,42,2024-01-15
575,User575,Test575,user575@example.com,9000000575,Bangalore,India,43,2024-01-16
576,User576,Test576,user576@example.com,9000000576,Hyderabad,India,44,2024-01-17
577,User577,Test577,user577@example.com,9000000577,Hyderabad,India,45,2024-01-18
578,User578,Test578,user578@example.com,9000000578,Hyderabad,India,46,2024-01-19
579,User579,Test579,user579@example.com,9000000579,Hyderabad,India,47,2024-01-20
580,User580,Test580,user580@example.com,9000000580,Bangalore,India,48,2024-01-21
581,User581,Test581,user581@example.com,9000000581,Hyderabad,India,49,2024-01-22
582,User582,Test582,user582@example.com,9000000582,Hyderabad,India,50,2024-01-23
583,User583,Test583,user583@example.com,9000000583,Hyderabad,India,51,2024-01-24
584,User584,Test584,user584@example.com,9000000584,Hyderabad,India,52,2024-01-25
585,User585,Test585,user585@example.com,9000000585,Bangalore,India,53,2024-01-26
586,User586,Test586,user586@example.com,9000000586,Hyderabad,India,54,2024-01-27
587,User587,Test587,user587@example.com,9000000587,Hyderabad,India,55,2024-01-28
588,User588,Test588,user588@example.com,9000000588,Hyderabad,India,56,2024-01-01
589,User589,Test589,user589@example.com,9000000589,Hyderabad,India,57,2024-01-02
590,User590,Test590,user590@example.com,9000000590,Bangalore,India,58,2024-01-03
591,User591,Test591,user591@example.com,9000000591,Hyderabad,India,59,2024-01-04
592,User592,Test592,user592@example.com,9000000592,Hyderabad,India,60,2024-01-05
593,User593,Test593,user593@example.com,9000000593,Hyderabad,India,61,2024-01-06
594,User594,Test594,user594@example.com,9000000594,Hyderabad,India,62,2024-01-07
595,User595,Test595,user595@example.com,9000000595,Bangalore,India,63,2024-01-08
596,User596,Test596,user596@example.com,9000000596,Hyderabad,India,64,2024-01-09
597,User597,Test597,user597@example.com,9000000597,Hyderabad,India,65,2024-01-10
598,User598,Test598,user598@example.com,9000000598,Hyderabad,India,66,2024-01-11
599,User599,Test599,user599@example.com,9000000599,Hyderabad,India,67,2024-01-12
600,User600,Test600,user600@example.com,9000000600,Bangalore,India,18,2024-01-13
601,User601,Test601,user601@example.com,9000000601,Hyderabad,India,19,2024-01-14
602,User602,Test602,user602@example.com,9000000602,Hyderabad,India,20,2024-01-15
603,User603,Test603,user603@example.com,9000000603,Hyderabad,India,21,2024-01-16
604,User604,Test604,user604@example.com,9000000604,Hyderabad,India,22,2024-01-17
605,User605,Test605,user605@example.com,9000000605,Bangalore,India,23,2024-01-18
606,User606,Test606,user606@example.com,9000000606,Hyderabad,India,24,2024-01-19
607,User607,Test607,user607@example.com,9000000607,Hyderabad,India,25,2024-01-20
608,User608,Test608,user608@example.com,9000000608,Hyderabad,India,26,2024-01-21
609,User609,Test609,user609@example.com,9000000609,Hyderabad,India,27,2024-01-22
610,User610,Test610,user610@example.com,9000000610,Bangalore,India,28,2024-01-23
611,User611,Test611,user611@example.com,9000000611,Hyderabad,India,29,2024-01-24
612,User612,Test612,user612@example.com,9000000612,Hyderabad,India,30,2024-01-25
613,User613,Test613,user613@example.com,9000000613,Hyderabad,India,31,2024-01-26
614,User614,Test614,user614@example.com,9000000614,Hyderabad,India,32,2024-01-27
615,User615,Test615,user615@example.com,9000000615,Bangalore,India,33,2024-01-28
616,User616,Test616,user616@example.com,9000000616,Hyderabad,India,34,2024-01-01
617,User617,Test617,user617@example.com,9000000617,Hyderabad,India,35,2024-01-02
618,User618,Test618,user618@example.com,9000000618,Hyderabad,India,36,2024-01-03
619,User619,Test619,user619@example.com,9000000619,Hyderabad,India,37,2024-01-04
620,User620,Test620,user620@example.com,9000000620,Bangalore,India,38,2024-01-05
621,User621,Test621,user621@example.com,9000000621,Hyderabad,India,39,2024-01-06
622,User622,Test622,user622@example.com,9000000622,Hyderabad,India,40,2024-01-07
623,User623,Test623,user623@example.com,9000000623,Hyderabad,India,41,2024-01-08
624,User624,Test624,user624@example.com,9000000624,Hyderabad,India,42,2024-01-09
625,User625,Test625,user625@example.com,9000000625,Bangalore,India,43,2024-01-10
626,User626,Test626,user626@example.com,9000000626,Hyderabad,India,44,2024-01-11
627,User627,Test627,user627@example.com,9000000627,Hyderabad,India,45,2024-01-12
628,User628,Test628,user628@example.com,9000000628,Hyderabad,India,46,2024-01-13
629,User629,Test629,user629@example.com,9000000629,Hyderabad,India,47,2024-01-14
630,User630,Test630,user630@example.com,9000000630,Bangalore,India,48,2024-01-15
631,User631,Test631,user631@example.com,9000000631,Hyderabad,India,49,2024-01-16
632,User632,Test632,user632@example.com,9000000632,Hyderabad,India,50,2024-01-17
633,User633,Test633,user633@example.com,9000000633,Hyderabad,India,51,2024-01-18
634,User634,Test634,user634@example.com,9000000634,Hyderabad,India,52,2024-01-19
635,User635,Test635,user635@example.com,9000000635,Bangalore,India,53,2024-01-20
636,User636,Test636,user636@example.com,9000000636,Hyderabad,India,54,2024-01-21
637,User637,Test637,user637@example.com,9000000637,Hyderabad,India,55,2024-01-22
638,User638,Test638,user638@example.com,9000000638,Hyderabad,India,56,2024-01-23
639,User639,Test639,user639@example.com,9000000639,Hyderabad,India,57,2024-01-24
640,User640,Test640,user640@example.com,9000000640,Bangalore,India,58,2024-01-25
641,User641,Test641,user641@example.com,9000000641,Hyderabad,India,59,2024-01-26
642,User642,Test642,user642@example.com,9000000642,Hyderabad,India,60,2024-01-27
643,User643,Test643,user643@example.com,9000000643,Hyderabad,India,61,2024-01-28
644,User644,Test644,user644@example.com,9000000644,Hyderabad,India,62,2024-01-01
645,User645,Test645,user645@example.com,9000000645,Bangalore,India,63,2024-01-02
646,User646,Test646,user646@example.com,9000000646,Hyderabad,India,64,2024-01-03
647,User647,Test647,user647@example.com,9000000647,Hyderabad,India,65,2024-01-04
648,User648,Test648,user648@example.com,9000000648,Hyderabad,India,66,2024-01-05
649,User649,Test649,user649@example.com,9000000649,Hyderabad,India,67,2024-01-06
650,User650,Test650,user650@example.com,9000000650,Bangalore,India,18,2024-01-07
651,User651,Test651,user651@example.com,9000000651,Hyderabad,India,19,2024-01-08
652,User652,Test652,user652@example.com,9000000652,Hyderabad,India,20,2024-01-09
653,User653,Test653,user653@example.com,9000000653,Hyderabad,India,21,2024-01-10
654,User654,Test654,user654@example.com,9000000654,Hyderabad,India,22,2024-01-11
655,User655,Test655,user655@example.com,9000000655,Bangalore,India,23,2024-01-12
656,User656,Test656,user656@example.com,9000000656,Hyderabad,India,24,2024-01-13
657,User657,Test657,user657@example.com,9000000657,Hyderabad,India,25,2024-01-14
658,User658,Test658,user658@example.com,9000000658,Hyderabad,India,26,2024-01-15
659,User659,Test659,user659@example.com,9000000659,Hyderabad,India,27,2024-01-16
660,User660,Test660,user660@example.com,9000000660,Bangalore,India,28,2024-01-17
661,User661,Test661,user661@example.com,9000000661,Hyderabad,India,29,2024-01-18
662,User662,Test662,user662@example.com,9000000662,Hyderabad,India,30,2024-01-19
663,User663,Test663,user663@example.com,9000000663,Hyderabad,India,31,2024-01-20
664,User664,Test664,user664@example.com,9000000664,Hyderabad,India,32,2024-01-21
665,User665,Test665,user665@example.com,9000000665,Bangalore,India,33,2024-01-22
666,User666,Test666,user666@example.com,9000000666,Hyderabad,India,34,2024-01-23
667,User667,Test667,user667@example.com,9000000667,Hyderabad,India,35,2024-01-24
668,User668,Test668,user668@example.com,9000000668,Hyderabad,India,36,2024-01-25
669,User669,Test669,user669@example.com,9000000669,Hyderabad,India,37,2024-01-26
670,User670,Test670,user670@example.com,9000000670,Bangalore,India,38,2024-01-27
671,User671,Test671,user671@example.com,9000000671,Hyderabad,India,39,2024-01-28
672,User672,Test672,user672@example.com,9000000672,Hyderabad,India,40,2024-01-01
673,User673,Test673,user673@example.com,9000000673,Hyderabad,India,41,2024-01-02
674,User674,Test674,user674@example.com,9000000674,Hyderabad,India,42,2024-01-03
675,User675,Test675,user675@example.com,9000000675,Bangalore,India,43,2024-01-04
676,User676,Test676,user676@example.com,9000000676,Hyderabad,India,44,2024-01-05
677,User677,Test677,user677@example.com,9000000677,Hyderabad,India,45,2024-01-06
678,User678,Test678,user678@example.com,9000000678,Hyderabad,India,46,2024-01-07
679,User679,Test679,user679@example.com,9000000679,Hyderabad,India,47,2024-01-08
680,User680,Test680,user680@example.com,9000000680,Bangalore,India,48,2024-01-09
681,User681,Test681,user681@example.com,9000000681,Hyderabad,India,49,2024-01-10
682,User682,Test682,user682@example.com,9000000682,Hyderabad,India,50,2024-01-11
683,User683,Test683,user683@example.com,9000000683,Hyderabad,India,51,2024-01-12
684,User684,Test684,user684@example.com,9000000684,Hyderabad,India,52,2024-01-13
685,User685,Test685,user685@example.com,9000000685,Bangalore,India,53,2024-01-14
686,User686,Test686,user686@example.com,9000000686,Hyderabad,India,54,2024-01-15
687,User687,Test687,user687@example.com,9000000687,Hyderabad,India,55,2024-01-16
688,User688,Test688,user688@example.com,9000000688,Hyderabad,India,56,2024-01-17
689,User689,Test689,user689@example.com,9000000689,Hyderabad,India,57,2024-01-18
690,User690,Test690,user690@example.com,9000000690,Bangalore,India,58,2024-01-19
691,User691,Test691,user691@example.com,9000000691,Hyderabad,India,59,2024-01-20
692,User692,Test692,user692@example.com,9000000692,Hyderabad,India,60,2024-01-21
693,User693,Test693,user693@example.com,9000000693,Hyderabad,India,61,2024-01-22
694,User694,Test694,user694@example.com,9000000694,Hyderabad,India,62,2024-01-23
695,User695,Test695,user695@example.com,9000000695,Bangalore,India,63,2024-01-24
696,User696,Test696,user696@example.com,9000000696,Hyderabad,India,64,2024-01-25
697,User697,Test697,user697@example.com,9000000697,Hyderabad,India,65,2024-01-26
698,User698,Test698,user698@example.com,9000000698,Hyderabad,India,66,2024-01-27
699,User699,Test699,user699@example.com,9000000699,Hyderabad,India,67,2024-01-28
700,User700,Test700,user700@example.com,9000000700,Bangalore,India,18,2024-01-01
701,User701,Test701,user701@example.com,9000000701,Hyderabad,India,19,2024-01-02
702,User702,Test702,user702@example.com,9000000702,Hyderabad,India,20,2024-01-03
703,User703,Test703,user703@example.com,9000000703,Hyderabad,India,21,2024-01-04
704,User704,Test704,user704@example.com,9000000704,Hyderabad,India,22,2024-01-05
705,User705,Test705,user705@example.com,9000000705,Bangalore,India,23,2024-01-06
706,User706,Test706,user706@example.com,9000000706,Hyderabad,India,24,2024-01-07
707,User707,Test707,user707@example.com,9000000707,Hyderabad,India,25,2024-01-08
708,User708,Test708,user708@example.com,9000000708,Hyderabad,India,26,2024-01-09
709,User709,Test709,user709@example.com,9000000709,Hyderabad,India,27,2024-01-10
710,User710,Test710,user710@example.com,9000000710,Bangalore,India,28,2024-01-11
711,User711,Test711,user711@example.com,9000000711,Hyderabad,India,29,2024-01-12
712,User712,Test712,user712@example.com,9000000712,Hyderabad,India,30,2024-01-13
713,User713,Test713,user713@example.com,9000000713,Hyderabad,India,31,2024-01-14
714,User714,Test714,user714@example.com,9000000714,Hyderabad,India,32,2024-01-15
715,User715,Test715,user715@example.com,9000000715,Bangalore,India,33,2024-01-16
716,User716,Test716,user716@example.com,9000000716,Hyderabad,India,34,2024-01-17
717,User717,Test717,user717@example.com,9000000717,Hyderabad,India,35,2024-01-18
718,User718,Test718,user718@example.com,9000000718,Hyderabad,India,36,2024-01-19
719,User719,Test719,user719@example.com,9000000719,Hyderabad,India,37,2024-01-20
720,User720,Test720,user720@example.com,9000000720,Bangalore,India,38,2024-01-21
721,User721,Test721,user721@example.com,9000000721,Hyderabad,India,39,2024-01-22
722,User722,Test722,user722@example.com,9000000722,Hyderabad,India,40,2024-01-23
723,User723,Test723,user723@example.com,9000000723,Hyderabad,India,41,2024-01-24
724,User724,Test724,user724@example.com,9000000724,Hyderabad,India,42,2024-01-25
725,User725,Test725,user725@example.com,9000000725,Bangalore,India,43,2024-01-26
726,User726,Test726,user726@example.com,9000000726,Hyderabad,India,44,2024-01-27
727,User727,Test727,user727@example.com,9000000727,Hyderabad,India,45,2024-01-28
728,User728,Test728,user728@example.com,9000000728,Hyderabad,India,46,2024-01-01
729,User729,Test729,user729@example.com,9000000729,Hyderabad,India,47,2024-01-02
730,User730,Test730,user730@example.com,9000000730,Bangalore,India,48,2024-01-03
731,User731,Test731,user731@example.com,9000000731,Hyderabad,India,49,2024-01-04
732,User732,Test732,user732@example.com,9000000732,Hyderabad,India,50,2024-01-05
733,User733,Test733,user733@example.com,9000000733,Hyderabad,India,51,2024-01-06
734,User734,Test734,user734@example.com,9000000734,Hyderabad,India,52,2024-01-07
735,User735,Test735,user735@example.com,9000000735,Bangalore,India,53,2024-01-08
736,User736,Test736,user736@example.com,9000000736,Hyderabad,India,54,2024-01-09
737,User737,Test737,user737@example.com,9000000737,Hyderabad,India,55,2024-01-10
738,User738,Test738,user738@example.com,9000000738,Hyderabad,India,56,2024-01-11
739,User739,Test739,user739@example.com,9000000739,Hyderabad,India,57,2024-01-12
740,User740,Test740,user740@example.com,9000000740,Bangalore,India,58,2024-01-13
741,User741,Test741,user741@example.com,9000000741,Hyderabad,India,59,2024-01-14
742,User742,Test742,user742@example.com,9000000742,Hyderabad,India,60,2024-01-15
743,User743,Test743,user743@example.com,9000000743,Hyderabad,India,61,2024-01-16
744,User744,Test744,user744@example.com,9000000744,Hyderabad,India,62,2024-01-17
745,User745,Test745,user745@example.com,9000000745,Bangalore,India,63,2024-01-18
746,User746,Test746,user746@example.com,9000000746,Hyderabad,India,64,2024-01-19
747,User747,Test747,user747@example.com,9000000747,Hyderabad,India,65,2024-01-20
748,User748,Test748,user748@example.com,9000000748,Hyderabad,India,66,2024-01-21
749,User749,Test749,user749@example.com,9000000749,Hyderabad,India,67,2024-01-22
750,User750,Test750,user750@example.com,9000000750,Bangalore,India,18,2024-01-23
751,User751,Test751,user751@example.com,9000000751,Hyderabad,India,19,2024-01-24
752,User752,Test752,user752@example.com,9000000752,Hyderabad,India,20,2024-01-25
753,User753,Test753,user753@example.com,9000000753,Hyderabad,India,21,2024-01-26
754,User754,Test754,user754@example.com,9000000754,Hyderabad,India,22,2024-01-27
755,User755,Test755,user755@example.com,9000000755,Bangalore,India,23,2024-01-28
756,User756,Test756,user756@example.com,9000000756,Hyderabad,India,24,2024-01-01
757,User757,Test757,user757@example.com,9000000757,Hyderabad,India,25,2024-01-02
758,User758,Test758,user758@example.com,9000000758,Hyderabad,India,26,2024-01-03
759,User759,Test759,user759@example.com,9000000759,Hyderabad,India,27,2024-01-04
760,User760,Test760,user760@example.com,9000000760,Bangalore,India,28,2024-01-05
761,User761,Test761,user761@example.com,9000000761,Hyderabad,India,29,2024-01-06
762,User762,Test762,user762@example.com,9000000762,Hyderabad,India,30,2024-01-07
763,User763,Test763,user763@example.com,9000000763,Hyderabad,India,31,2024-01-08
764,User764,Test764,user764@example.com,9000000764,Hyderabad,India,32,2024-01-09
765,User765,Test765,user765@example.com,9000000765,Bangalore,India,33,2024-01-10
766,User766,Test766,user766@example.com,9000000766,Hyderabad,India,34,2024-01-11
767,User767,Test767,user767@example.com,9000000767,Hyderabad,India,35,2024-01-12
768,User768,Test768,user768@example.com,9000000768,Hyderabad,India,36,2024-01-13
769,User769,Test769,user769@example.com,9000000769,Hyderabad,India,37,2024-01-14
770,User770,Test770,user770@example.com,9000000770,Bangalore,India,38,2024-01-15
771,User771,Test771,user771@example.com,9000000771,Hyderabad,India,39,2024-01-16
772,User772,Test772,user772@example.com,9000000772,Hyderabad,India,40,2024-01-17
773,User773,Test773,user773@example.com,9000000773,Hyderabad,India,41,2024-01-18
774,User774,Test774,user774@example.com,9000000774,Hyderabad,India,42,2024-01-19
775,User775,Test775,user775@example.com,9000000775,Bangalore,India,43,2024-01-20
776,User776,Test776,user776@example.com,9000000776,Hyderabad,India,44,2024-01-21
777,User777,Test777,user777@example.com,9000000777,Hyderabad,India,45,2024-01-22
778,User778,Test778,user778@example.com,9000000778,Hyderabad,India,46,2024-01-23
779,User779,Test779,user779@example.com,9000000779,Hyderabad,India,47,2024-01-24
780,User780,Test780,user780@example.com,9000000780,Bangalore,India,48,2024-01-25
781,User781,Test781,user781@example.com,9000000781,Hyderabad,India,49,2024-01-26
782,User782,Test782,user782@example.com,9000000782,Hyderabad,India,50,2024-01-27
783,User783,Test783,user783@example.com,9000000783,Hyderabad,India,51,2024-01-28
784,User784,Test784,user784@example.com,9000000784,Hyderabad,India,52,2024-01-01
785,User785,Test785,user785@example.com,9000000785,Bangalore,India,53,2024-01-02
786,User786,Test786,user786@example.com,9000000786,Hyderabad,India,54,2024-01-03
787,User787,Test787,user787@example.com,9000000787,Hyderabad,India,55,2024-01-04
788,User788,Test788,user788@example.com,9000000788,Hyderabad,India,56,2024-01-05
789,User789,Test789,user789@example.com,9000000789,Hyderabad,India,57,2024-01-06
790,User790,Test790,user790@example.com,9000000790,Bangalore,India,58,2024-01-07
791,User791,Test791,user791@example.com,9000000791,Hyderabad,India,59,2024-01-08
792,User792,Test792,user792@example.com,9000000792,Hyderabad,India,60,2024-01-09
793,User793,Test793,user793@example.com,9000000793,Hyderabad,India,61,2024-01-10
794,User794,Test794,user794@example.com,9000000794,Hyderabad,India,62,2024-01-11
795,User795,Test795,user795@example.com,9000000795,Bangalore,India,63,2024-01-12
796,User796,Test796,user796@example.com,9000000796,Hyderabad,India,64,2024-01-13
797,User797,Test797,user797@example.com,9000000797,Hyderabad,India,65,2024-01-14
798,User798,Test798,user798@example.com,9000000798,Hyderabad,India,66,2024-01-15
799,User799,Test799,user799@example.com,9000000799,Hyderabad,India,67,2024-01-16
800,User800,Test800,user800@example.com,9000000800,Bangalore,India,18,2024-01-17
801,User801,Test801,user801@example.com,9000000801,Hyderabad,India,19,2024-01-18
802,User802,Test802,user802@example.com,9000000802,Hyderabad,India,20,2024-01-19
803,User803,Test803,user803@example.com,9000000803,Hyderabad,India,21,2024-01-20
804,User804,Test804,user804@example.com,9000000804,Hyderabad,India,22,2024-01-21
805,User805,Test805,user805@example.com,9000000805,Bangalore,India,23,2024-01-22
806,User806,Test806,user806@example.com,9000000806,Hyderabad,India,24,2024-01-23
807,User807,Test807,user807@example.com,9000000807,Hyderabad,India,25,2024-01-24
808,User808,Test808,user808@example.com,9000000808,Hyderabad,India,26,2024-01-25
809,User809,Test809,user809@example.com,9000000809,Hyderabad,India,27,2024-01-26
810,User810,Test810,user810@example.com,9000000810,Bangalore,India,28,2024-01-27
811,User811,Test811,user811@example.com,9000000811,Hyderabad,India,29,2024-01-28
812,User812,Test812,user812@example.com,9000000812,Hyderabad,India,30,2024-01-01
813,User813,Test813,user813@example.com,9000000813,Hyderabad,India,31,2024-01-02
814,User814,Test814,user814@example.com,9000000814,Hyderabad,India,32,2024-01-03
815,User815,Test815,user815@example.com,9000000815,Bangalore,India,33,2024-01-04
816,User816,Test816,user816@example.com,9000000816,Hyderabad,India,34,2024-01-05
817,User817,Test817,user817@example.com,9000000817,Hyderabad,India,35,2024-01-06
818,User818,Test818,user818@example.com,9000000818,Hyderabad,India,36,2024-01-07
819,User819,Test819,user819@example.com,9000000819,Hyderabad,India,37,2024-01-08
820,User820,Test820,user820@example.com,9000000820,Bangalore,India,38,2024-01-09
821,User821,Test821,user821@example.com,9000000821,Hyderabad,India,39,2024-01-10
822,User822,Test822,user822@example.com,9000000822,Hyderabad,India,40,2024-01-11
823,User823,Test823,user823@example.com,9000000823,Hyderabad,India,41,2024-01-12
824,User824,Test824,user824@example.com,9000000824,Hyderabad,India,42,2024-01-13
825,User825,Test825,user825@example.com,9000000825,Bangalore,India,43,2024-01-14
826,User826,Test826,user826@example.com,9000000826,Hyderabad,India,44,2024-01-15
827,User827,Test827,user827@example.com,9000000827,Hyderabad,India,45,2024-01-16
828,User828,Test828,user828@example.com,9000000828,Hyderabad,India,46,2024-01-17
829,User829,Test829,user829@example.com,9000000829,Hyderabad,India,47,2024-01-18
830,User830,Test830,user830@example.com,9000000830,Bangalore,India,48,2024-01-19
831,User831,Test831,user831@example.com,9000000831,Hyderabad,India,49,2024-01-20
832,User832,Test832,user832@example.com,9000000832,Hyderabad,India,50,2024-01-21
833,User833,Test833,user833@example.com,9000000833,Hyderabad,India,51,2024-01-22
834,User834,Test834,user834@example.com,9000000834,Hyderabad,India,52,2024-01-23
835,User835,Test835,user835@example.com,9000000835,Bangalore,India,53,2024-01-24
836,User836,Test836,user836@example.com,9000000836,Hyderabad,India,54,2024-01-25
837,User837,Test837,user837@example.com,9000000837,Hyderabad,India,55,2024-01-26
838,User838,Test838,user838@example.com,9000000838,Hyderabad,India,56,2024-01-27
839,User839,Test839,user839@example.com,9000000839,Hyderabad,India,57,2024-01-28
840,User840,Test840,user840@example.com,9000000840,Bangalore,India,58,2024-01-01
841,User841,Test841,user841@example.com,9000000841,Hyderabad,India,59,2024-01-02
842,User842,Test842,user842@example.com,9000000842,Hyderabad,India,60,2024-01-03
843,User843,Test843,user843@example.com,9000000843,Hyderabad,India,61,2024-01-04
844,User844,Test844,user844@example.com,9000000844,Hyderabad,India,62,2024-01-05
845,User845,Test845,user845@example.com,9000000845,Bangalore,India,63,2024-01-06
846,User846,Test846,user846@example.com,9000000846,Hyderabad,India,64,2024-01-07
847,User847,Test847,user847@example.com,9000000847,Hyderabad,India,65,2024-01-08
848,User848,Test848,user848@example.com,9000000848,Hyderabad,India,66,2024-01-09
849,User849,Test849,user849@example.com,9000000849,Hyderabad,India,67,2024-01-10
850,User850,Test850,user850@example.com,9000000850,Bangalore,India,18,2024-01-11
851,User851,Test851,user851@example.com,9000000851,Hyderabad,India,19,2024-01-12
852,User852,Test852,user852@example.com,9000000852,Hyderabad,India,20,2024-01-13
853,User853,Test853,user853@example.com,9000000853,Hyderabad,India,21,2024-01-14
854,User854,Test854,user854@example.com,9000000854,Hyderabad,India,22,2024-01-15
855,User855,Test855,user855@example.com,9000000855,Bangalore,India,23,2024-01-16
856,User856,Test856,user856@example.com,9000000856,Hyderabad,India,24,2024-01-17
857,User857,Test857,user857@example.com,9000000857,Hyderabad,India,25,2024-01-18
858,User858,Test858,user858@example.com,9000000858,Hyderabad,India,26,2024-01-19
859,User859,Test859,user859@example.com,9000000859,Hyderabad,India,27,2024-01-20
860,User860,Test860,user860@example.com,9000000860,Bangalore,India,28,2024-01-21
861,User861,Test861,user861@example.com,9000000861,Hyderabad,India,29,2024-01-22
862,User862,Test862,user862@example.com,9000000862,Hyderabad,India,30,2024-01-23
863,User863,Test863,user863@example.com,9000000863,Hyderabad,India,31,2024-01-24
864,User864,Test864,user864@example.com,9000000864,Hyderabad,India,32,2024-01-25
865,User865,Test865,user865@example.com,9000000865,Bangalore,India,33,2024-01-26
866,User866,Test866,user866@example.com,9000000866,Hyderabad,India,34,2024-01-27
867,User867,Test867,user867@example.com,9000000867,Hyderabad,India,35,2024-01-28
868,User868,Test868,user868@example.com,9000000868,Hyderabad,India,36,2024-01-01
869,User869,Test869,user869@example.com,9000000869,Hyderabad,India,37,2024-01-02
870,User870,Test870,user870@example.com,9000000870,Bangalore,India,38,2024-01-03
871,User871,Test871,user871@example.com,9000000871,Hyderabad,India,39,2024-01-04
872,User872,Test872,user872@example.com,9000000872,Hyderabad,India,40,2024-01-05
873,User873,Test873,user873@example.com,9000000873,Hyderabad,India,41,2024-01-06
874,User874,Test874,user874@example.com,9000000874,Hyderabad,India,42,2024-01-07
875,User875,Test875,user875@example.com,9000000875,Bangalore,India,43,2024-01-08
876,User876,Test876,user876@example.com,9000000876,Hyderabad,India,44,2024-01-09
877,User877,Test877,user877@example.com,9000000877,Hyderabad,India,45,2024-01-10
878,User878,Test878,user878@example.com,9000000878,Hyderabad,India,46,2024-01-11
879,User879,Test879,user879@example.com,9000000879,Hyderabad,India,47,2024-01-12
880,User880,Test880,user880@example.com,9000000880,Bangalore,India,48,2024-01-13
881,User881,Test881,user881@example.com,9000000881,Hyderabad,India,49,2024-01-14
882,User882,Test882,user882@example.com,9000000882,Hyderabad,India,50,2024-01-15
883,User883,Test883,user883@example.com,9000000883,Hyderabad,India,51,2024-01-16
884,User884,Test884,user884@example.com,9000000884,Hyderabad,India,52,2024-01-17
885,User885,Test885,user885@example.com,9000000885,Bangalore,India,53,2024-01-18
886,User886,Test886,user886@example.com,9000000886,Hyderabad,India,54,2024-01-19
887,User887,Test887,user887@example.com,9000000887,Hyderabad,India,55,2024-01-20
888,User888,Test888,user888@example.com,9000000888,Hyderabad,India,56,2024-01-21
889,User889,Test889,user889@example.com,9000000889,Hyderabad,India,57,2024-01-22
890,User890,Test890,user890@example.com,9000000890,Bangalore,India,58,2024-01-23
891,User891,Test891,user891@example.com,9000000891,Hyderabad,India,59,2024-01-24
892,User892,Test892,user892@example.com,9000000892,Hyderabad,India,60,2024-01-25
893,User893,Test893,user893@example.com,9000000893,Hyderabad,India,61,2024-01-26
894,User894,Test894,user894@example.com,9000000894,Hyderabad,India,62,2024-01-27
895,User895,Test895,user895@example.com,9000000895,Bangalore,India,63,2024-01-28
896,User896,Test896,user896@example.com,9000000896,Hyderabad,India,64,2024-01-01
897,User897,Test897,user897@example.com,9000000897,Hyderabad,India,65,2024-01-02
898,User898,Test898,user898@example.com,9000000898,Hyderabad,India,66,2024-01-03
899,User899,Test899,user899@example.com,9000000899,Hyderabad,India,67,2024-01-04
900,User900,Test900,user900@example.com,9000000900,Bangalore,India,18,2024-01-05
901,User901,Test901,user901@example.com,9000000901,Hyderabad,India,19,2024-01-06
902,User902,Test902,user902@example.com,9000000902,Hyderabad,India,20,2024-01-07
903,User903,Test903,user903@example.com,9000000903,Hyderabad,India,21,2024-01-08
904,User904,Test904,user904@example.com,9000000904,Hyderabad,India,22,2024-01-09
905,User905,Test905,user905@example.com,9000000905,Bangalore,India,23,2024-01-10
906,User906,Test906,user906@example.com,9000000906,Hyderabad,India,24,2024-01-11
907,User907,Test907,user907@example.com,9000000907,Hyderabad,India,25,2024-01-12
908,User908,Test908,user908@example.com,9000000908,Hyderabad,India,26,2024-01-13
909,User909,Test909,user909@example.com,9000000909,Hyderabad,India,27,2024-01-14
910,User910,Test910,user910@example.com,9000000910,Bangalore,India,28,2024-01-15
911,User911,Test911,user911@example.com,9000000911,Hyderabad,India,29,2024-01-16
912,User912,Test912,user912@example.com,9000000912,Hyderabad,India,30,2024-01-17
913,User913,Test913,user913@example.com,9000000913,Hyderabad,India,31,2024-01-18
914,User914,Test914,user914@example.com,9000000914,Hyderabad,India,32,2024-01-19
915,User915,Test915,user915@example.com,9000000915,Bangalore,India,33,2024-01-20
916,User916,Test916,user916@example.com,9000000916,Hyderabad,India,34,2024-01-21
917,User917,Test917,user917@example.com,9000000917,Hyderabad,India,35,2024-01-22
918,User918,Test918,user918@example.com,9000000918,Hyderabad,India,36,2024-01-23
919,User919,Test919,user919@example.com,9000000919,Hyderabad,India,37,2024-01-24
920,User920,Test920,user920@example.com,9000000920,Bangalore,India,38,2024-01-25
921,User921,Test921,user921@example.com,9000000921,Hyderabad,India,39,2024-01-26
922,User922,Test922,user922@example.com,9000000922,Hyderabad,India,40,2024-01-27
923,User923,Test923,user923@example.com,9000000923,Hyderabad,India,41,2024-01-28
924,User924,Test924,user924@example.com,9000000924,Hyderabad,India,42,2024-01-01
925,User925,Test925,user925@example.com,9000000925,Bangalore,India,43,2024-01-02
926,User926,Test926,user926@example.com,9000000926,Hyderabad,India,44,2024-01-03
927,User927,Test927,user927@example.com,9000000927,Hyderabad,India,45,2024-01-04
928,User928,Test928,user928@example.com,9000000928,Hyderabad,India,46,2024-01-05
929,User929,Test929,user929@example.com,9000000929,Hyderabad,India,47,2024-01-06
930,User930,Test930,user930@example.com,9000000930,Bangalore,India,48,2024-01-07
931,User931,Test931,user931@example.com,9000000931,Hyderabad,India,49,2024-01-08
932,User932,Test932,user932@example.com,9000000932,Hyderabad,India,50,2024-01-09
933,User933,Test933,user933@example.com,9000000933,Hyderabad,India,51,2024-01-10
934,User934,Test934,user934@example.com,9000000934,Hyderabad,India,52,2024-01-11
935,User935,Test935,user935@example.com,9000000935,Bangalore,India,53,2024-01-12
936,User936,Test936,user936@example.com,9000000936,Hyderabad,India,54,2024-01-13
937,User937,Test937,user937@example.com,9000000937,Hyderabad,India,55,2024-01-14
938,User938,Test938,user938@example.com,9000000938,Hyderabad,India,56,2024-01-15
939,User939,Test939,user939@example.com,9000000939,Hyderabad,India,57,2024-01-16
940,User940,Test940,user940@example.com,9000000940,Bangalore,India,58,2024-01-17
941,User941,Test941,user941@example.com,9000000941,Hyderabad,India,59,2024-01-18
942,User942,Test942,user942@example.com,9000000942,Hyderabad,India,60,2024-01-19
943,User943,Test943,user943@example.com,9000000943,Hyderabad,India,61,2024-01-20
944,User944,Test944,user944@example.com,9000000944,Hyderabad,India,62,2024-01-21
945,User945,Test945,user945@example.com,9000000945,Bangalore,India,63,2024-01-22
946,User946,Test946,user946@example.com,9000000946,Hyderabad,India,64,2024-01-23
947,User947,Test947,user947@example.com,9000000947,Hyderabad,India,65,2024-01-24
948,User948,Test948,user948@example.com,9000000948,Hyderabad,India,66,2024-01-25
949,User949,Test949,user949@example.com,9000000949,Hyderabad,India,67,2024-01-26
950,User950,Test950,user950@example.com,9000000950,Bangalore,India,18,2024-01-27
951,User951,Test951,user951@example.com,9000000951,Hyderabad,India,19,2024-01-28
952,User952,Test952,user952@example.com,9000000952,Hyderabad,India,20,2024-01-01
953,User953,Test953,user953@example.com,9000000953,Hyderabad,India,21,2024-01-02
954,User954,Test954,user954@example.com,9000000954,Hyderabad,India,22,2024-01-03
955,User955,Test955,user955@example.com,9000000955,Bangalore,India,23,2024-01-04
956,User956,Test956,user956@example.com,9000000956,Hyderabad,India,24,2024-01-05
957,User957,Test957,user957@example.com,9000000957,Hyderabad,India,25,2024-01-06
958,User958,Test958,user958@example.com,9000000958,Hyderabad,India,26,2024-01-07
959,User959,Test959,user959@example.com,9000000959,Hyderabad,India,27,2024-01-08
960,User960,Test960,user960@example.com,9000000960,Bangalore,India,28,2024-01-09
961,User961,Test961,user961@example.com,9000000961,Hyderabad,India,29,2024-01-10
962,User962,Test962,user962@example.com,9000000962,Hyderabad,India,30,2024-01-11
963,User963,Test963,user963@example.com,9000000963,Hyderabad,India,31,2024-01-12
964,User964,Test964,user964@example.com,9000000964,Hyderabad,India,32,2024-01-13
965,User965,Test965,user965@example.com,9000000965,Bangalore,India,33,2024-01-14
966,User966,Test966,user966@example.com,9000000966,Hyderabad,India,34,2024-01-15
967,User967,Test967,user967@example.com,9000000967,Hyderabad,India,35,2024-01-16
968,User968,Test968,user968@example.com,9000000968,Hyderabad,India,36,2024-01-17
969,User969,Test969,user969@example.com,9000000969,Hyderabad,India,37,2024-01-18
970,User970,Test970,user970@example.com,9000000970,Bangalore,India,38,2024-01-19
971,User971,Test971,user971@example.com,9000000971,Hyderabad,India,39,2024-01-20
972,User972,Test972,user972@example.com,9000000972,Hyderabad,India,40,2024-01-21
973,User973,Test973,user973@example.com,9000000973,Hyderabad,India,41,2024-01-22
974,User974,Test974,user974@example.com,9000000974,Hyderabad,India,42,2024-01-23
975,User975,Test975,user975@example.com,9000000975,Bangalore,India,43,2024-01-24
976,User976,Test976,user976@example.com,9000000976,Hyderabad,India,44,2024-01-25
977,User977,Test977,user977@example.com,9000000977,Hyderabad,India,45,2024-01-26
978,User978,Test978,user978@example.com,9000000978,Hyderabad,India,46,2024-01-27
979,User979,Test979,user979@example.com,9000000979,Hyderabad,India,47,2024-01-28
980,User980,Test980,user980@example.com,9000000980,Bangalore,India,48,2024-01-01
981,User981,Test981,user981@example.com,9000000981,Hyderabad,India,49,2024-01-02
982,User982,Test982,user982@example.com,9000000982,Hyderabad,India,50,2024-01-03
983,User983,Test983,user983@example.com,9000000983,Hyderabad,India,51,2024-01-04
984,User984,Test984,user984@example.com,9000000984,Hyderabad,India,52,2024-01-05
985,User985,Test985,user985@example.com,9000000985,Bangalore,India,53,2024-01-06
986,User986,Test986,user986@example.com,9000000986,Hyderabad,India,54,2024-01-07
987,User987,Test987,user987@example.com,9000000987,Hyderabad,India,55,2024-01-08
988,User988,Test988,user988@example.com,9000000988,Hyderabad,India,56,2024-01-09
989,User989,Test989,user989@example.com,9000000989,Hyderabad,India,57,2024-01-10
990,User990,Test990,user990@example.com,9000000990,Bangalore,India,58,2024-01-11
991,User991,Test991,user991@example.com,9000000991,Hyderabad,India,59,2024-01-12
992,User992,Test992,user992@example.com,9000000992,Hyderabad,India,60,2024-01-13
993,User993,Test993,user993@example.com,9000000993,Hyderabad,India,61,2024-01-14
994,User994,Test994,user994@example.com,9000000994,Hyderabad,India,62,2024-01-15
995,User995,Test995,user995@example.com,9000000995,Bangalore,India,63,2024-01-16
996,User996,Test996,user996@example.com,9000000996,Hyderabad,India,64,2024-01-17
997,User997,Test997,user997@example.com,9000000997,Hyderabad,India,65,2024-01-18
998,User998,Test998,user998@example.com,9000000998,Hyderabad,India,66,2024-01-19
999,User999,Test999,user999@example.com,9000000999,Hyderabad,India,67,2024-01-20
1000,User1000,Test1000,user1000@example.com,9000001000,Bangalore,India,18,2024-01-21
